Peptide,Glycan,ACCEPTED
NLTFNITKTIR,Fuc1 Hex5 HexNAc5 Neu5Ac2,YES
ASSSFQANGTK,Hex3 HexNAc2,YES
GHVNITR,Hex5 HexNAc4 Neu5Ac2,???
MVSHHNLTTGATLINEQWLLTTAK,Hex5 HexNAc4 Neu5Ac1,YES
VVLHPNYSQVDIGLIK,Hex5 HexNAc4 Neu5Ac2,YES
IIVPLNNRENISDPTSPLR,Fuc1 Hex5 HexNAc4 Neu5Ac2,YES
EEQYNSTYR,Fuc1 Hex3 HexNAc4,YES
EEQFNSTFR,Fuc1 Hex3 HexNAc4,YES
LSLHRPALEDLLLGSEANLTCTLTGLR,Fuc1 Hex5 HexNAc3 Neu5Ac1,NO
VYKPSAGNNSLYR,Hex5 HexNAc4 Neu5Ac2,YES
LDAPTNLQFVNETDSTVLVR,Fuc1 Hex5 HexNAc4,YES
NGSLFAFR,Hex5 HexNAc3 Neu5Ac1,YES
NISDGFDGIPDNVDAALALPAHSYSGR,Fuc2 Hex5 HexNAc4 Neu5Ac1,YES
TKTEISEMNRNISR,Hex5 HexNAc4 Neu5Ac2,YES
LQLSNGNR,Hex3 HexNAc2,YES
NDTASYK,Hex6 HexNAc2,???
GSLSYLNVTR,Hex4 HexNAc2,YES
LGLSFNSISAVDNGSLANTPHLR,Fuc1 Hex4 HexNAc4,YES
EEGINKSEK,Fuc1 Hex5 HexNAc3 Neu5Ac1,NO
GVFITNETGQPLIGK,Hex5 HexNAc2,YES
QVVENMTR,Hex3 HexNAc2,YES
HNSTGCLR,Hex5 HexNAc4 Neu5Ac2,???
TANDTSTEAYNLLLR,Hex5 HexNAc2,YES
NMTLFSDLVAEK,Fuc2 Hex6 HexNAc4,???
QLINALQINNTAVGHALVLPAGR,Fuc1 Hex5 HexNAc4 Neu5Ac1,YES
IIQRNR,Fuc1 Hex6 HexNAc6,NO
VSNYSR,Hex6 HexNAc4 Neu5Ac2,???
LLQVVYLHSNNITK,Fuc1 Hex5 HexNAc4,YES
MIENGSLSFLPTLR,Fuc1 Hex4 HexNAc4,YES
MIENGSLSFLPTLR,Fuc1 Hex4 HexNAc4,YES
LNYSLPTGQWVGVQLPR,Hex5 HexNAc2,YES
NLTVPGSLR,Fuc1 Hex5 HexNAc4 Neu5Ac1,YES
NNTRGPGLKR,Fuc1 Hex5 HexNAc5,???
AKNLTK,Fuc1 Hex5 HexNAc4 Neu5Ac2,NO
NLTKLK,Hex9 HexNAc4,NO
LQLSNGNMTLTLLSVK,Hex5 HexNAc2,YES
LQLSNGNMTLTLLSVK,Hex5 HexNAc2,YES
ISESLRTVNMTWNK,Hex5 HexNAc4 Neu5Ac2,NO
SVKEDSNLTLQEKK,Fuc1 Hex5 HexNAc4 Neu5Ac1,YES
ETPPNGNLSPAPRLR,Fuc1 Hex5 HexNAc4 Neu5Ac1,YES
NITRIK,Fuc1 Hex4 HexNAc3,???
FNGSVSFFR,Hex5 HexNAc2,YES
TVLENSTSYEEAK,Hex5 HexNAc2,YES
NLTALR,Hex5 HexNAc2,???
NKTRVVSYR,Fuc1 Hex5 HexNAc4 Neu5Ac2,NO
TVDKKNISEK,Fuc1 Hex5 HexNAc4 Neu5Ac1,NO
NDSLRK,Fuc1 Hex4 HexNAc3,NO
LNDTVGVTK,Hex5 HexNAc2,YES
NASGDELVR,Hex4 HexNAc2,???
QPQPNVSELVVGPLPHPSYMR,Hex6 HexNAc3 Neu5Ac1,YES
RTVNSTR,Fuc1 Hex6 HexNAc4,NO
NGSDDQDK,Hex6 HexNAc4 Neu5Ac1,???
ADLVNR,Fuc2 Hex7 HexNAc4,NO
LILDNDTIK,Fuc1 Hex8 HexNAc7,NO
KNLTLSK,Fuc1 Hex6 HexNAc6,NO
ERGRNWSR,Hex5 HexNAc2,NO
SELVNETR,Hex5 HexNAc2,YES
